"id","format","org_filename","saved_filename","created_by","path","lesson_id","storage","source","cover"
"1","video","https://myplanet.enseval.com/video/new_all/New_Revisi_Neop_Agustus_2022_1.mp4",\N,\N,\N,"1","local","<video id=""video1"" style=""width:1000px;max-width:100%;max-height:100%;"" controls autoplay controlsList=""nodownload"">
    <source src=""https://myplanet.enseval.com/video/Neop_2022-1.mp4"" type=""video/mp4"">
</video>

<style type=""text/css"">

div#contentarea {
    border: none !important;
    width: 100% !important;
}
#video1 {
	display: block;
	margin : auto

</style>",\N
"2","video","https://myplanet.enseval.com/video/ELearningneop5r.mp4",\N,\N,\N,"2","local","<video id=""video1"" style=""width:1000px;max-width:100%;max-height:100%;"" controls autoplay controlsList=""nodownload"">
    <source src=""https://myplanet.enseval.com/video/ELearningneop5r.mp4"" type=""video/mp4"">
</video>

<style type=""text/css"">

div#contentarea {
    border: none !important;
    width: 100% !important;
}
#video1 {
	display: block;
	margin : auto

</style>",\N
"3","video","https://myplanet.enseval.com/video/safetysecurityneop.mp4",\N,\N,\N,"3","local","<video id=""video1"" style=""width:1000px;max-width:100%;max-height:100%;"" controls autoplay controlsList=""nodownload"">
    <source src=""https://myplanet.enseval.com/video/safetysecurityneop.mp4"" type=""video/mp4"">
</video>

<style type=""text/css"">

div#contentarea {
    border: none !important;
    width: 100% !important;
}
#video1 {
	display: block;
	margin : auto

</style>",\N
"4","post_test","https://myplanet.enseval.com/post_test_dev/neop_general/index.php",\N,\N,"idl=4","4","local","<iframe src=""https://myplanet.enseval.com/post_test_dev/neop_general/prep.php"" id=""video1"" style=""width:1000px;height:550px;max-width:100%;max-height:100%;""></iframe>",\N
"5","video","https://myplanet.enseval.com/video/DigitalAwareness03-04-2018.mp4",\N,\N,\N,"5","local","<video id=""video1"" style=""width: 1000px; max-width: 100%; max-height: 100%;"" autoplay=""autoplay"" data-mce-style=""width: 1000px; max-width: 100%; max-height: 100%;"">",\N
"6","post_test","https://myplanet.enseval.com/post_test_dev/digital_awareness/index.php",\N,\N,"idl=6","6","local","<iframe src=""https://myplanet.enseval.com/post_test_dev/digital_awareness/prep?idl=y_AzkNZWhMTHsQc-6zgPcsU"" id=""video1"" style=""width:1000px;height:550px;max-width:100%;max-height:100%;""></iframe>

<style type=""text/css"">


#video1 {
	display: block;
	margin : auto

</style>",\N
"7","other","https://myplanet.enseval.com/peraturan_perusahaan_new/index/peraturan_perusahaan/",\N,\N,\N,"7","local","<iframe id=""video1"" width=""1280"" max-width=""100%"" height=""650"" src=""https://myplanet.enseval.com/peraturan_perusahaan_new/index/peraturan_perusahaan/""></iframe>

<style type=""text/css"">

div#contentarea {
    border: none !important;
    margin: auto !important;
    width: inherit;
}

#video1 {

	display: block;
	margin : auto;
}


</style>",\N
"8","video","https://myplanet.enseval.com/video/grooming_2019.mp4",\N,\N,\N,"8","local","<video id=""video1"" width=""1280"" max-width=""100%"" height=""650"" autoplay controls controlsList=""nodownload"">
    <source src=""https://myplanet.enseval.com/video/grooming_2019.mp4"" type=""video/mp4"">
</video>

<style type=""text/css"">

div#contentarea {
    border: none !important;
    margin: auto !important;
    width: inherit;
}

#video1 {

	display: block;
	margin : auto;
}


</style>",\N
"9","post_test","https://myplanet.enseval.com/post_test_dev/peraturan_perusahaan_grooming/index.php",\N,\N,"idl=9","9","local","<iframe src=""https://myplanet.enseval.com/post_test_dev/peraturan_perusahaan_grooming/prep?idl=0UBQvpLx2_yrkUZFz7-GqMo"" id=""video1"" style=""width:1000px;height:550px;max-width:100%;max-height:100%;""></iframe>

<style type=""text/css"">


#video1 {
	display: block;
	margin : auto

</style>",\N
"10","video","https://myplanet.enseval.com/video/DigitalAwarenessSeries2.mp4",\N,\N,\N,"10","local","<iframe src=""https://myplanet.enseval.com/video/DigitalAwarenessSeries2.mp4"" width=""1280"" max-width=""100%"" height=""650"" frameborder=""0"" allowfullscreen controls disabledownload=""true""></iframe>

<style type=""text/css"">

div#contentarea {
    border: none !important;
    margin: auto !important;
    width: inherit;
}

#video1 {

	display: block;
	margin : auto;
}


</style>",\N
"11","post_test","https://myplanet.enseval.com/post_test_dev/digital_awareness_series2/index.php",\N,\N,"idl=11","11","local","<iframe src=""https://myplanet.enseval.com/post_test_dev/digital_awareness_series2/prep?idl=_rl-EzENydKWiIuiss2R-sK9"" id=""video1"" style=""width:1000px;height:550px;max-width:100%;max-height:100%;""></iframe>

<style type=""text/css"">


#video1 {
	display: block;
	margin : auto

</style>",\N
"12","other","https://myplanet.enseval.com/booksaku/index/bukusaku_tsunami_only_zoom",\N,\N,\N,"12","local","<iframe src=""https://myplanet.enseval.com/booksaku/index/bukusaku_tsunami_only_zoom"" width=""1280"" max-width=""100%"" height=""650"" frameborder=""0"" allowfullscreen controls disabledownload=""true""></iframe>

<style type=""text/css"">

div#contentarea {
    border: none !important;
    margin: auto !important;
    width: inherit;
}

#video1 {

	display: block;
	margin : auto;
}


</style>",\N
"13","post_test","https://myplanet.enseval.com/post_test_dev/safety_security2019/index.php",\N,\N,"idl=13","13","local","<iframe src=""https://myplanet.enseval.com/post_test/safety_security2018/prep?idl=HFY4hUMlOlytsH6ItfX6w8K_"" id=""video1"" style=""width:1000px;height:550px;max-width:100%;max-height:100%;""></iframe>

<style type=""text/css"">


#video1 {
	display: block;
	margin : auto

</style>",\N
"14","video","https://myplanet.enseval.com/video/Panca_Sradha_Trust041818.mp4",\N,\N,\N,"14","local","<video id=""video1"" style=""width: 1000px; max-width: 100%; max-height: 100%;"" autoplay=""autoplay"" data-mce-style=""width: 1000px; max-width: 100%; max-height: 100%;"" controls controlsList=""nodownload"" preload=""metadata"" >
    <source src=""https://myplanet.enseval.com/video/Panca_Sradha_Trust041818.mp4"" type=""video/mp4"">
</video>

<style type=""text/css"">

div#contentarea {
    border: none !important;
    margin: auto !important;
    width: inherit;
}

#video1 {

	display: block;
	margin : auto;
}


</style>
",\N
"15","video","https://myplanet.enseval.com/video/Mindfullness_PAA.mp4",\N,\N,\N,"15","local","<video id=""video1"" style=""width: 1000px; max-width: 100%; max-height: 100%;"" autoplay=""autoplay"" data-mce-style=""width: 1000px; max-width: 100%; max-height: 100%;"" controls controlsList=""nodownload"" preload=""metadata"" >
    <source src=""https://myplanet.enseval.com/video/Mindfullness_PAA.mp4"" type=""video/mp4"">
</video>


<style type=""text/css"">

div#contentarea {
    border: none !important;
    margin: auto !important;
    width: inherit;
}

#video1 {

	display: block;
	margin : auto;
}


</style>
",\N
"16","video","https://myplanet.enseval.com/video/Innovation_HHM.mp4",\N,\N,\N,"16","local","<video id=""video1"" style=""width: 1000px; max-width: 100%; max-height: 100%;"" autoplay=""autoplay"" data-mce-style=""width: 1000px; max-width: 100%; max-height: 100%;"" controls controlsList=""nodownload"" preload=""metadata"" >
    <source src=""https://myplanet.enseval.com/video/Innovation_HHM.mp4"" type=""video/mp4"">
</video>

<style type=""text/css"">

div#contentarea {
    border: none !important;
    margin: auto !important;
    width: inherit;
}

#video1 {

	display: block;
	margin : auto;
}


</style>
",\N
"17","video","https://myplanet.enseval.com/video/Strive_to_be_the_best.mp4",\N,\N,\N,"17","local","<video id=""video1"" style=""width: 1000px; max-width: 100%; max-height: 100%;"" autoplay=""autoplay"" data-mce-style=""width: 1000px; max-width: 100%; max-height: 100%;"" controls controlsList=""nodownload"" preload=""metadata"" >
    <source src=""https://myplanet.enseval.com/video/Strive_to_be_the_best.mp4"" type=""video/mp4"">
</video>

<style type=""text/css"">

div#contentarea {
    border: none !important;
    margin: auto !important;
    width: inherit;
}

#video1 {

	display: block;
	margin : auto;
}


</style>
",\N
"18","video","https://myplanet.enseval.com/video/Interconectedness_YRT.mp4",\N,\N,\N,"18","local","<video id=""video1"" style=""width: 1000px; max-width: 100%; max-height: 100%;"" autoplay=""autoplay"" data-mce-style=""width: 1000px; max-width: 100%; max-height: 100%;"" controls controlsList=""nodownload"" preload=""metadata"" >
    <source src=""https://myplanet.enseval.com/video/Interconectedness_YRT.mp4"" type=""video/mp4"">
</video>

<style type=""text/css"">

div#contentarea {
    border: none !important;
    margin: auto !important;
    width: inherit;
}

#video1 {

	display: block;
	margin : auto;
}


</style>
",\N
"19","post_test","https://myplanet.enseval.com/post_test_dev/pancha_sradha/index.php",\N,\N,"idl=19","19","local","<iframe src=""https://myplanet.enseval.com/post_test/pancha_sradha/prep?idl=lUmYTOesBK086L4Kpy3t1MK1"" id=""video1"" style=""width:1000px;height:550px;max-width:100%;max-height:100%;""></iframe>

<style type=""text/css"">


#video1 {
	display: block;
	margin : auto

</style>",\N
"20","pdf","https://myplanet.enseval.com/video/etika_bisnis_2020.pdf",\N,\N,\N,"20","local","<iframe width=""1280"" max-width=""100%"" height=""650"" src=""https://myplanet.enseval.com/video/etika_bisnis_2020.pdf""></iframe>",\N
"21","post_test","https://myplanet.enseval.com/post_test_dev/etika_bisnis/index.php",\N,\N,"idl=21","21","local","<iframe src=""https://myplanet.enseval.com/post_test/etika_bisnis_neop/prep?idl=MN1FCqVUhMcCjxihHhmt78G9"" id=""video1"" style=""width:1000px;height:550px;max-width:100%;max-height:100%;""></iframe>

<style type=""text/css"">


#video1 {
	display: block;
	margin : auto

</style>",\N
"22","video","https://myplanet.enseval.com/video/it_sec2020_part1.mp4",\N,\N,\N,"22","local","<video id=""video1"" style=""width: 1000px; max-width: 100%; max-height: 100%;"" autoplay=""autoplay"" data-mce-style=""width: 1000px; max-width: 100%; max-height: 100%;"" controls controlsList=""nodownload"" preload=""metadata"" >
    <source src=""https://myplanet.enseval.com/video/it_sec2020_part1.mp4"" type=""video/mp4"">
</video>

<style type=""text/css"">

div#contentarea {
    border: none !important;
    margin: auto !important;
    width: inherit;
}

#video1 {

	display: block;
	margin : auto;
}


</style>
",\N
"23","video","https://myplanet.enseval.com/video/itsecurity2021.mp4",\N,\N,\N,"23","local","<video id=""video1"" style=""width: 1000px; max-width: 100%; max-height: 100%;"" autoplay=""autoplay"" data-mce-style=""width: 1000px; max-width: 100%; max-height: 100%;"" controls controlsList=""nodownload"" preload=""metadata"" >
    <source src=""https://myplanet.enseval.com/video/itsecurity2021.mp4"" type=""video/mp4"">
</video>

<style type=""text/css"">

div#contentarea {
    border: none !important;
    margin: auto !important;
    width: inherit;
}

#video1 {

	display: block;
	margin : auto;
}


</style>
",\N
"24","post_test","https://myplanet.enseval.com/post_test_dev/it_security2021/index.php",\N,\N,"idl=24","24","local","<iframe src=""https://myplanet.enseval.com/post_test/it_security2021/prep?idl=79b17XaY6W_KqjhiFzUmeMG4"" id=""video1"" style=""width:1000px;height:550px;max-width:100%;max-height:100%;""></iframe>

<style type=""text/css"">


#video1 {
	display: block;
	margin : auto

</style>",\N
"25","video","https://myplanet.enseval.com/video/it_security_update_os_apps.mp4",\N,\N,\N,"25","local","<video id=""video1"" style=""width: 1000px; max-width: 100%; max-height: 100%;"" autoplay=""autoplay"" data-mce-style=""width: 1000px; max-width: 100%; max-height: 100%;"" controls controlsList=""nodownload"" preload=""metadata"" >
    <source src=""https://myplanet.enseval.com/video/it_security_update_os_apps.mp4"" type=""video/mp4"">
</video>

<style type=""text/css"">

div#contentarea {
    border: none !important;
    margin: auto !important;
    width: inherit;
}

#video1 {

	display: block;
	margin : auto;
}


</style>",\N
"26","post_test","https://myplanet.enseval.com/post_test_dev/it_update_os_apps/index.php",\N,\N,"idl=26","26","local","<iframe src=""https://myplanet.enseval.com/post_test/it_update_os_apps/prep?idl=CHOvX4mwWvng0itIGl2PQcG6"" id=""video1"" style=""width:1000px;height:550px;max-width:100%;max-height:100%;""></iframe>

<style type=""text/css"">


#video1 {
	display: block;
	margin : auto

</style>",\N
"27","video","https://myplanet.enseval.com/video/new_all/New_Revisi_Neop_Agustus_2022_1.mp4",\N,\N,"idl=27","27","local",\N,\N
"28","video","https://myplanet.enseval.com/video/new_all/ELearningneop5r.mp4",\N,\N,"idl=28","28","local",\N,\N
"29","video","https://myplanet.enseval.com/video/new_all/msbwPart1.mp4",\N,\N,"idl=29","29","local",\N,\N
"30","video","https://myplanet.enseval.com/video/new_all/msbwPart2.mp4",\N,\N,"idl=30","30","local",\N,\N
"31","video","https://myplanet.enseval.com/video/new_all/Warehouse_5R.mp4",\N,\N,"idl=31","31","local",\N,\N
"32","video","https://myplanet.enseval.com/video/new_all/WarehouseCCP.mp4",\N,\N,"idl=32","32","local",\N,\N
"33","video","https://myplanet.enseval.com/video/new_all/WarehouseMinMax.mp4",\N,\N,"idl=33","33","local",\N,\N
"34","video","https://myplanet.enseval.com/video/new_all/WarehouseOccupancy.mp4",\N,\N,"idl=34","34","local",\N,\N
"35","video","https://myplanet.enseval.com/video/new_all/WarehouseSuhu_Temperatur.mp4",\N,\N,"idl=35","35","local",\N,\N
"36","video","https://myplanet.enseval.com/video/new_all/Receiving_PutAway_Reguler_Course.mp4",\N,\N,"idl=36","36","local",\N,\N
"37","video","https://myplanet.enseval.com/video/new_all/receiving_retur_Course_4.mp4",\N,\N,"idl=37","37","local",\N,\N
"38","video","https://myplanet.enseval.com/video/new_all/Picking_Course_5.mp4",\N,\N,"idl=38","38","local",\N,\N
"39","video","https://myplanet.enseval.com/video/new_all/DigitalAwareness03-04-2018.mp4",\N,\N,"idl=39","39","local",\N,\N
"40","video","https://myplanet.enseval.com/video/new_all/DigitalAwarenessSeries2.mp4",\N,\N,"idl=40","40","local",\N,\N
"41","video","https://myplanet.enseval.com/video/new_all/Panca_Sradha_Trust041818.mp4",\N,\N,"idl=41","41","local",\N,\N
"42","video","https://myplanet.enseval.com/video/new_all/Mindfullness_PAA.mp4",\N,\N,"idl=42","42","local",\N,\N
"43","video","https://myplanet.enseval.com/video/new_all/Innovation_HHM.mp4",\N,\N,"idl=43","43","local",\N,\N
"44","video","https://myplanet.enseval.com/video/new_all/Strive_to_be_the_best.mp4",\N,\N,"idl=44","44","local",\N,\N
"45","video","https://myplanet.enseval.com/video/new_all/Interconectedness_YRT.mp4",\N,\N,"idl=45","45","local",\N,\N
"46","pdf","https://myplanet.enseval.com/video/new_all/etika_bisnis_2020.pdf",\N,\N,"idl=46","46","local",\N,\N
"47","video","https://myplanet.enseval.com/video/new_all/New_Revisi_Neop_Agustus_2022_1.mp4",\N,\N,"idl=47","47","local",\N,\N
"48","video","https://myplanet.enseval.com/video/new_all/ELearningneop5r_transpot.mp4",\N,\N,"idl=48","48","local",\N,\N
"49","video","https://myplanet.enseval.com/video/new_all/safetysecurityneop_transport.mp4",\N,\N,"idl=49","49","local",\N,\N
"50","video","https://myplanet.enseval.com/video/new_all/DigitalAwareness03-04-2018_transport.mp4",\N,\N,"idl=50","50","local",\N,\N
"51","video","https://myplanet.enseval.com/video/new_all/DigitalAwarenessSeries2_transport.mp4",\N,\N,"idl=51","51","local",\N,\N
"52","video","https://myplanet.enseval.com/video/new_all/Panca_Sradha_Trust041818_transport.mp4",\N,\N,"idl=52","52","local",\N,\N
"53","video","https://myplanet.enseval.com/video/new_all/Mindfullness_PAA_transport.mp4",\N,\N,"idl=53","53","local",\N,\N
"54","video","https://myplanet.enseval.com/video/new_all/Innovation_HHM_trans.mp4",\N,\N,"idl=54","54","local",\N,\N
"55","video","https://myplanet.enseval.com/video/new_all/Strive_to_be_the_best_trans.mp4",\N,\N,"idl=55","55","local",\N,\N
"56","video","https://myplanet.enseval.com/video/new_all/Interconectedness_YRT_trans.mp4",\N,\N,"idl=56","56","local",\N,\N
"57","pdf","https://myplanet.enseval.com/video/new_all/etika_bisnis_2020_trans.pdf",\N,\N,"idl=57","57","local",\N,\N
"58","pdf","https://myplanet.enseval.com/video/new_all/pendahuluan.pdf",\N,\N,"idl=58","58","local",\N,\N
"59","video","https://myplanet.enseval.com/video/new_all/Vi2.mp4",\N,\N,"idl=59","59","local",\N,\N
"60","pdf","https://myplanet.enseval.com/video/new_all/Bab_2_Organisasi_Menejemen_dan_Personalia.pdf",\N,\N,"idl=60","60","local",\N,\N
"61","video","https://myplanet.enseval.com/video/new_all/CDOB_Bab_3_Bangunan_Dan_Peralatan.mp4",\N,\N,"idl=61","61","local",\N,\N
"62","video","https://myplanet.enseval.com/video/new_all/CDOB_Bab_4_Operasional.mp4",\N,\N,"idl=62","62","local",\N,\N
"63","video","https://myplanet.enseval.com/video/new_all/CDOB_Bab_5_Inspeksi_Diri.mp4",\N,\N,"idl=63","63","local",\N,\N
"64","video","https://myplanet.enseval.com/video/new_all/CDOB_Bab_6_Keluhan_Obat_Kembalian.mp4",\N,\N,"idl=64","64","local",\N,\N
"65","video","https://myplanet.enseval.com/video/new_all/CDOB_Bab_7_Transportasi.mp4",\N,\N,"idl=65","65","local",\N,\N
"66","video","https://myplanet.enseval.com/video/new_all/CDOB_Bab_8_Fasilitas_Distribusi_Berdasar_Kontrak.mp4",\N,\N,"idl=66","66","local",\N,\N
"67","video","https://myplanet.enseval.com/video/new_all/CDOB_Bab_9_Dokumentasi.mp4",\N,\N,"idl=67","67","local",\N,\N
"68","pdf","https://myplanet.enseval.com/video/new_all/BAB_11.pdf",\N,\N,"idl=68","68","local",\N,\N
"69","video","https://myplanet.enseval.com/video/new_all/cdakb_1.mp4",\N,\N,"idl=69","69","local",\N,\N
"70","video","https://myplanet.enseval.com/video/new_all/cdakb_2.mp4",\N,\N,"idl=70","70","local",\N,\N
"71","video","https://myplanet.enseval.com/video/new_all/cdakb_3.mp4",\N,\N,"idl=71","71","local",\N,\N
"72","video","https://myplanet.enseval.com/video/new_all/Sertifikasi_Halal.mp4",\N,\N,"idl=72","72","local",\N,\N
"73","pdf","https://myplanet.enseval.com/video/new_all/sertifikasi_halal.pdf",\N,\N,"idl=73","73","local",\N,\N
"74","pdf","https://myplanet.enseval.com/video/new_all/Buku_Saku-10Jan18_FA.pdf",\N,\N,"idl=74","74","local",\N,\N
"75","video","https://myplanet.enseval.com/video/new_all/itsecurity2021.mp4",\N,\N,"idl=75","75","local",\N,\N
"76","video","https://myplanet.enseval.com/video/new_all/Warehouse_5R_trans.mp4",\N,\N,"idl=76","76","local",\N,\N
"77","video","https://myplanet.enseval.com/video/new_all/WarehouseCCP_trans.mp4",\N,\N,"idl=77","77","local",\N,\N
"78","video","https://myplanet.enseval.com/video/new_all/WarehouseMinMax_trans.mp4",\N,\N,"idl=78","78","local",\N,\N
"79","video","https://myplanet.enseval.com/video/new_all/WarehouseOccupancy_trans.mp4",\N,\N,"idl=79","79","local",\N,\N
"80","video","https://myplanet.enseval.com/video/new_all/WarehouseSuhu_Temperatur_trans.mp4",\N,\N,"idl=80","80","local",\N,\N
"81","video","https://myplanet.enseval.com/video/new_all/eTransportation5R.mp4",\N,\N,"idl=81","81","local",\N,\N
"82","video","https://myplanet.enseval.com/video/new_all/eTransportationCCP.mp4",\N,\N,"idl=82","82","local",\N,\N
"83","video","https://myplanet.enseval.com/video/new_all/eTransportationOccupancy.mp4",\N,\N,"idl=83","83","local",\N,\N
"84","video","https://myplanet.enseval.com/video/new_all/eTransportationRayonisasiZona.mp4",\N,\N,"idl=84","84","local",\N,\N
"85","video","https://myplanet.enseval.com/video/new_all/eTransportationTracking.mp4",\N,\N,"idl=85","85","local",\N,\N
"86","video","https://myplanet.enseval.com/video/new_all/SalesmanshiPart1.mp4",\N,\N,"idl=86","86","local",\N,\N
"87","video","https://myplanet.enseval.com/video/new_all/SalesmanshiPart2.mp4",\N,\N,"idl=87","87","local",\N,\N
"88","video","https://myplanet.enseval.com/video/new_all/Operational_Excellence_1.mp4",\N,\N,"idl=88","88","local",\N,\N
"89","video","https://myplanet.enseval.com/video/new_all/leadership_1.mp4",\N,\N,"idl=89","89","local",\N,\N
"90","video","https://myplanet.enseval.com/video/new_all/leadership_2.mp4",\N,\N,"idl=90","90","local",\N,\N
"91","video","https://myplanet.enseval.com/video/new_all/2019-08-28COMMUNICATIONWITHTEXTREVISI4LOGO.mp4",\N,\N,"idl=91","91","local",\N,\N
"92","video","https://myplanet.enseval.com/video/new_all/BEPVIDEO.mp4",\N,\N,"idl=92","92","local",\N,\N
"93","video","https://myplanet.enseval.com/video/new_all/innotalk_panduanmenulisinovasi.mp4",\N,\N,"idl=93","93","local",\N,\N
"94","video","https://myplanet.enseval.com/video/new_all/2022-03-28EtikaBisnisHakKewajibanBerpolitik1.mp4",\N,\N,"idl=94","94","local",\N,\N
"95","post_test","https://myplanet.enseval.com/post_test_dev/safety_security2019/index.php",\N,\N,"idl=95","95","local",\N,\N
"96","post_test","https://myplanet.enseval.com/post_test_dev/msbw_refreshment/index.php",\N,\N,"idl=96","96","local",\N,\N
"97","other","https://myplanet.enseval.com/peraturan_perusahaan_new/index/peraturan_perusahaan/",\N,\N,"idl=97","97","local",\N,\N
"98","video","https://myplanet.enseval.com/video/new_all/grooming_warehouse.mp4",\N,\N,"idl=98","98","local",\N,\N
"99","post_test","https://myplanet.enseval.com/post_test_dev/peraturan_perusahaan_grooming/index.php",\N,\N,"idl=99","99","local",\N,\N
"100","post_test","https://myplanet.enseval.com/post_test_dev/digital_awareness/index.php",\N,\N,"idl=100","100","local",\N,\N
"101","post_test","https://myplanet.enseval.com/post_test_dev/digital_awareness_series2/index.php",\N,\N,"idl=101","101","local",\N,\N
"102","other","https://myplanet.enseval.com/booksaku/index/bukusaku_tsunami_only_zoom",\N,\N,"idl=102","102","local",\N,\N
"103","post_test","https://myplanet.enseval.com/post_test_dev/safety_security2019/index.php",\N,\N,"idl=103","103","local",\N,\N
"104","post_test","https://myplanet.enseval.com/post_test_dev/pancha_sradha/index.php",\N,\N,"idl=104","104","local",\N,\N
"105","post_test","https://myplanet.enseval.com/post_test_dev/etika_bisnis/index.php",\N,\N,"idl=105","105","local",\N,\N
"106","post_test","https://myplanet.enseval.com/post_test_dev/neop_general/index.php",\N,\N,"idl=106","106","local",\N,\N
"107","other","https://myplanet.enseval.com/peraturan_perusahaan_new/index/peraturan_perusahaan/",\N,\N,"idl=107","107","local",\N,\N
"108","video","https://myplanet.enseval.com/video/new_all/grooming_trans.mp4",\N,\N,"idl=108","108","local",\N,\N
"109","post_test","https://myplanet.enseval.com/post_test_dev/peraturan_perusahaan_grooming/index.php",\N,\N,"idl=109","109","local",\N,\N
"110","post_test","https://myplanet.enseval.com/post_test_dev/digital_awareness/index.php",\N,\N,"idl=110","110","local",\N,\N
"111","post_test","https://myplanet.enseval.com/post_test_dev/digital_awareness_series2/index.php",\N,\N,"idl=111","111","local",\N,\N
"112","post_test","https://myplanet.enseval.com/post_test_dev/pancha_sradha/index.php",\N,\N,"idl=112","112","local",\N,\N
"113","post_test","https://myplanet.enseval.com/post_test_dev/etika_bisnis/index.php",\N,\N,"idl=113","113","local",\N,\N
"114","post_test","https://myplanet.enseval.com/post_test_dev/cdob2020/index.php",\N,\N,"idl=114","114","local",\N,\N
"115","post_test","https://myplanet.enseval.com/post_test_dev/cdakb2020/index.php",\N,\N,"idl=115","115","local",\N,\N
"116","post_test","https://myplanet.enseval.com/post_test_dev/sertifikasi_halal/index.php",\N,\N,"idl=116","116","local",\N,\N
"117","post_test","https://myplanet.enseval.com/post_test_dev/safety_security2019/index.php",\N,\N,"idl=117","117","local",\N,\N
"118","post_test","https://myplanet.enseval.com/post_test_dev/it_security2021/index.php",\N,\N,"idl=118","118","local",\N,\N
"119","post_test","https://myplanet.enseval.com/post_test_dev/e_warehouse/index.php",\N,\N,"idl=119","119","local",\N,\N
"120","post_test","https://myplanet.enseval.com/post_test_dev/new_mindset_salesmanship/index.php",\N,\N,"idl=120","120","local",\N,\N
"121","post_test","https://myplanet.enseval.com/post_test_dev/CommunicationAndHumanRelationPart1/index.php",\N,\N,"idl=121","121","local",\N,\N
"122","post_test","https://myplanet.enseval.com/post_test_dev/BEP_post_test/index.php",\N,\N,"idl=122","122","local",\N,\N
"123","post_test","https://myplanet.enseval.com/post_test_dev/innotalk/index.php",\N,\N,"idl=123","123","local",\N,\N
"124","post_test","https://myplanet.enseval.com/post_test_dev/etika_bisnis_2022/index.php",\N,\N,"idl=124","124","local",\N,\N
"125","video","https://myplanet.enseval.com/video/new_all/etika_bisnis_pelanggaranrev1.mp4",\N,\N,"idl=125","125","local",\N,\N
"126","post_test","https://myplanet.enseval.com/post_test_dev/etika_bisnis2022_pelanggaran/index.php",\N,\N,"idl=126","126","local",\N,\N
"157","post_test","https://myplanet.enseval.com/post_test_dev/it_security_email_phising/index.php",\N,\N,"idl=157","157","local",\N,\N
"156","video","https://myplanet.enseval.com/video/new_all/ITSecurityAwarenessEmailPhishing.mp4",\N,\N,"idl=156","156","local",\N,"covervid_itsecemailphising.png"
"132","video","https://myplanet.enseval.com/video/new_all/BEPepisode2.mp4",\N,\N,"idl=132","132","local",\N,\N
"133","post_test","https://myplanet.enseval.com/post_test_dev/BEP_episode2_posttest/index.php",\N,\N,"idl=133","133","local",\N,\N
"155","pdf","https://myplanet.enseval.com/video/new_all/IK-RDC-TRP-004LoadingR15.pdf",\N,\N,"idl=155","155","local",\N,\N
"147","pdf","https://myplanet.enseval.com/video/new_all/IK-QHS-MR-030KualifikasiMesindanPeralatan.pdf",\N,\N,"idl=147","147","local",\N,\N
"148","pdf","https://myplanet.enseval.com/video/new_all/IK-QHS-MR-020ValidasipengirimanColdChainProduct(CCP)R1.pdf",\N,\N,"idl=148","148","local",\N,\N
"149","post_test","https://myplanet.enseval.com/post_test_dev/ikqhsmr020/index.php",\N,\N,"idl=149","149","local",\N,\N
"150","post_test","https://myplanet.enseval.com/post_test_dev/ikqhsmr030/index.php",\N,\N,"idl=150","150","local",\N,\N
"151","pdf","https://myplanet.enseval.com/video/new_all/IK-OPR-WHS-017PenangananProdukKhusus(Psikotropika&BahanBerbahaya,dll)R5.pdf",\N,\N,"idl=151","151","local",\N,\N
"152","pdf","https://myplanet.enseval.com/video/new_all/IK-OPR-WHS-044PetunjukPengoperasianDanPemeliharaanContainerChillerR1.pdf",\N,\N,"idl=152","152","local",\N,\N
"153","post_test","https://myplanet.enseval.com/post_test_dev/IK-OPR-WHS-017/index.php",\N,\N,"idl=153","153","local",\N,\N
"154","post_test","https://myplanet.enseval.com/post_test_dev/IK-OPR-WHS-044/index.php",\N,\N,"idl=154","154","local",\N,\N
"158","post_test","https://myplanet.enseval.com/post_test_dev/IK-RDC-TRP-004_LoadingR15/index.php",\N,\N,"idl=158","158","local",\N,\N
"159","pdf","https://myplanet.enseval.com/video/new_all/SOP-QHS-MR-092SuratPesananElektronik(E-SP)CabangkeDC140922.pdf",\N,\N,"idl=159","159","local",\N,\N
"160","post_test","https://myplanet.enseval.com/post_test_dev/SOP-QHS-MR-092/index.php",\N,\N,"idl=160","160","local",\N,\N
"161","pdf","https://myplanet.enseval.com/video/new_all/SOP-QHS-MR-041ProsedurPenarikanProduk(Recal)R3.pdf",\N,\N,"idl=161","161","local",\N,\N
"162","pdf","https://myplanet.enseval.com/video/new_all/IK-QHS-MR-035PelaporanProdukKeBadanRegulasiR1.pdf",\N,\N,"idl=162","162","local",\N,\N
"163","video","https://myplanet.enseval.com/video/new_all/ELearningPenangananProdukSitostatika_new.mp4",\N,\N,"idl=163","163","local",\N,\N
"164","pdf","https://myplanet.enseval.com/video/new_all/SOP-OPR-WHS-003ProsedurPenerimaanReturDariPelangganR19.pdf",\N,\N,"idl=164","164","local",\N,\N
"165","post_test","https://myplanet.enseval.com/post_test_dev/QHS-SOP-QHS-MR-041_Prosedur_Penarikan_Produk_Recal_R3/index.php",\N,\N,"idl=165","165","local",\N,\N
"166","post_test","https://myplanet.enseval.com/post_test_dev/QHS-IK-QHS-MR-035_Pelaporan_Produk_Ke_Badan_Regulasi _R1/index.php",\N,\N,"idl=166","166","local",\N,\N
"167","post_test","https://myplanet.enseval.com/post_test_dev/OPR-WHS-SOP-OPR-WHS-003_Prosedur_Penerimaan_Retur_Dari_Pelanggan_R19/index.php",\N,\N,"idl=167","167","local",\N,\N
"168","pdf","https://myplanet.enseval.com/video/new_all/SOP-OPR-WHS-016StockOpnamePersediaanProdukR9.pdf",\N,\N,"idl=168","168","local",\N,\N
"169","post_test","https://myplanet.enseval.com/post_test_dev/OPR-WHS-SOP-OPR-WHS-016 _stock_Opname_Persediaan_Produk_R9/index.php",\N,\N,"idl=169","169","local",\N,\N
"170","video","https://myplanet.enseval.com/video/new_all/LEGALECOURTREV1.mp4",\N,\N,"idl=170","170","local",\N,\N
"171","post_test","https://myplanet.enseval.com/post_test_dev/post_test_ecourt/index.php",\N,\N,"idl=171","171","local",\N,\N
"172","pdf","https://myplanet.enseval.com/video/new_all/IK-QHS-MR-023KualifikasipemasokR5.pdf",\N,\N,"idl=172","172","local",\N,\N
"173","post_test","https://myplanet.enseval.com/post_test_dev/QHS-IK-OPR-QHS-023/index.php",\N,\N,"idl=173","173","local",\N,\N
"174","pdf","https://myplanet.enseval.com/video/new_all/SOP-QHS-MR-075ProsedurPemusnahanProdukR3.pdf",\N,\N,"idl=174","174","local",\N,\N
"175","post_test","https://myplanet.enseval.com/post_test_dev/QHS-SOP-QHS-MR-075/index.php",\N,\N,"idl=175","175","local",\N,\N
"176","post_test","https://myplanet.enseval.com/post_test_dev/sitostatika/index.php",\N,\N,"idl=176","176","local",\N,\N
"177","other","https://myplanet.enseval.com/video/new_all/modul_fa_pembayaran/",\N,\N,"idl=177","177","local",\N,\N
"178","other","https://myplanet.enseval.com/video/new_all/modul_fa_Fixed_Assets/",\N,\N,"idl=178","178","local",\N,\N
"179","other","https://myplanet.enseval.com/video/new_all/famodul_pembelian/",\N,\N,"idl=179","179","local",\N,\N
"196","video","https://myplanet.enseval.com/video/new_all/SWD1.mp4",\N,\N,"idl=196","196","local",\N,\N
"180","pdf","https://myplanet.enseval.com/video/new_all/SOP-QHS-MR-004(ISO)-PengendalianDokumenInternalR8.pdf",\N,\N,"idl=180","180","local",\N,\N
"181","post_test","https://myplanet.enseval.com/post_test_dev/QHS-SOP-QHS-MR-004/index.php",\N,\N,"idl=181","181","local",\N,\N
"182","pdf","https://myplanet.enseval.com/video/new_all/SOP-QHS-MR-064ProsedurPenangananProdukKesehatanMelaluiMekanismeJalurKhususR2.pdf",\N,\N,"idl=182","182","local",\N,\N
"183","post_test","https://myplanet.enseval.com/post_test_dev/SOP-QHS-MR-064/index.php",\N,\N,"idl=183","183","local",\N,\N
"185","pdf","https://myplanet.enseval.com/video/new_all/IK-QHS-MR-001TatacaraPembuatanPerubahanPengesahanDanPenomoranDokumentSOP,IKdanFormR17.pdf",\N,\N,"idl=185","185","local",\N,\N
"186","post_test","https://myplanet.enseval.com/post_test_dev/QHS-IK-QHS-MR-001/index.php",\N,\N,"idl=186","186","local",\N,\N
"187","pdf","https://myplanet.enseval.com/video/new_all/IK-QHS-MR-036DesainBangunanDanPeralatanR1.pdf",\N,\N,"idl=187","187","local",\N,\N
"188","video","https://myplanet.enseval.com/video/new_all/ELearningPenangananFatigueRevisi3.mp4",\N,\N,"idl=188","188","local",\N,\N
"189","post_test","https://myplanet.enseval.com/post_test_dev/modul_fatigue/index.php",\N,\N,"idl=189","189","local",\N,\N
"190","pdf","https://myplanet.enseval.com/video/new_all/IK-QHS-MR-021PemetaanMappingFasilitasGudangR4.pdf",\N,\N,"idl=190","190","local",\N,\N
"191","pdf","https://myplanet.enseval.com/video/new_all/SOP-QHS-MR-074PenyiapanDanPengemasanprodukBelow25R1.pdf",\N,\N,"idl=191","191","local",\N,\N
"192","pdf","https://myplanet.enseval.com/video/new_all/SOP-RDC-TRP-001ProsedurPengirimanRegulerR7.pdf",\N,\N,"idl=192","192","local",\N,\N
"193","pdf","https://myplanet.enseval.com/video/new_all/IK-QHS-MR-034PemeriksaanRutinKendaraanInternalR1.pdf",\N,\N,"idl=193","193","local",\N,\N
"194","post_test","https://myplanet.enseval.com/post_test_dev/IK-QHS-MR-021/index.php",\N,\N,"idl=194","194","local",\N,\N
"195","post_test","https://myplanet.enseval.com/post_test_dev/IK-QHS-MR-074/index.php",\N,\N,"idl=195","195","local",\N,\N
"197","video","https://myplanet.enseval.com/video/new_all/SWD2.mp4",\N,\N,"idl=197","197","local",\N,\N
"198","video","https://myplanet.enseval.com/video/new_all/SWD3.mp4",\N,\N,"idl=198","198","local",\N,\N
"199","video","https://myplanet.enseval.com/video/new_all/E-KSMSSWD4.mp4",\N,\N,"idl=199","199","local",\N,\N
"226","pdf","https://myplanet.enseval.com/video/new_all/SOP-FA-AKS-040PenjualanAssetPerusahaan(TanahDanBangunan).pdf",\N,\N,"idl=226","226","local",\N,\N
"201","pdf","https://myplanet.enseval.com/video/new_all/SOP-FA-AKS-026FixedAssetManagementR3.pdf",\N,\N,"idl=201","201","local",\N,\N
"202","pdf","https://myplanet.enseval.com/video/new_all/SOP-FA-AKS-025LabellingAssetR3.pdf",\N,\N,"idl=202","202","local",\N,\N
"203","pdf","https://myplanet.enseval.com/video/new_all/SOP-QHS-MR-015ProsedurPelaporanInvestigasiDanKecelakaanR5.pdf",\N,\N,"idl=203","203","local",\N,\N
"223","pdf","https://myplanet.enseval.com/video/new_all/SOP-QHS-MR-017Kesiagaan&TanggapDaruratR7.pdf",\N,\N,"idl=223","223","local",\N,\N
"205","pdf","https://myplanet.enseval.com/video/new_all/SOP-QHS-MR-026ProsedurPEngendalianKetinggianR5.pdf",\N,\N,"idl=205","205","local",\N,\N
"206","pdf","https://myplanet.enseval.com/video/new_all/IK-QHS-MR-006PenanggulanganTumpahanBahanKimiaR3.pdf",\N,\N,"idl=206","206","local",\N,\N
"207","pdf","https://myplanet.enseval.com/video/new_all/IK-QHS-MR-008MengangkatSecaraManualR3.pdf",\N,\N,"idl=207","207","local",\N,\N
"208","post_test","https://myplanet.enseval.com/post_test_dev/storytelling/index.php",\N,\N,"idl=208","208","local",\N,\N
"209","pdf","https://myplanet.enseval.com/video/new_all/IK-RDC-WHS-008PenyiapanProdukDirect(PickingDirect)R2.pdf",\N,\N,"idl=209","209","local",\N,\N
"210","pdf","https://myplanet.enseval.com/video/new_all/IK-RDC-WHS-009PenguncianPintuDockReceivingR2.pdf",\N,\N,"idl=210","210","local",\N,\N
"211","pdf","https://myplanet.enseval.com/video/new_all/IK-RDC-WHS-014TranferBarang(Handheld)R2.pdf",\N,\N,"idl=211","211","local",\N,\N
"212","pdf","https://myplanet.enseval.com/video/new_all/IK-RDC-WHS-015PackLPNR2.pdf",\N,\N,"idl=212","212","local",\N,\N
"213","pdf","https://myplanet.enseval.com/video/new_all/IK-RDC-WHS-016UnpackLPNR2.pdf",\N,\N,"idl=213","213","local",\N,\N
"214","pdf","https://myplanet.enseval.com/video/new_all/IK-RDC-WHS-017SplitLPNR2.pdf",\N,\N,"idl=214","214","local",\N,\N
"215","pdf","https://myplanet.enseval.com/video/new_all/IK-RDC-WHS-018MelihatDataStock(Handheld)R2.pdf",\N,\N,"idl=215","215","local",\N,\N
"216","pdf","https://myplanet.enseval.com/video/new_all/IK-RDC-WHS-020PenyiapanProdukSinggleInventory(MoveOrder)R2.pdf",\N,\N,"idl=216","216","local",\N,\N
"217","pdf","https://myplanet.enseval.com/video/new_all/IK-RDC-WHS-026FisikMasukGudang(TranferDariRetur)R2.pdf",\N,\N,"idl=217","217","local",\N,\N
"218","pdf","https://myplanet.enseval.com/video/new_all/IK-RDC-WHS-035PenyiapanBarangRegulerDanSingleInventorySecaraManualKarenaSistemDownR2.pdf",\N,\N,"idl=218","218","local",\N,\N
"219","pdf","https://myplanet.enseval.com/video/new_all/IK-RDC-WHS-047PencetakanLabelLPNR2.pdf",\N,\N,"idl=219","219","local",\N,\N
"220","pdf","https://myplanet.enseval.com/video/new_all/IK-RDC-WHS-043PemeriksaanReceiverDenganSJ-SP-DO-PackingList-InvoiceR2.pdf",\N,\N,"idl=220","220","local",\N,\N
"221","pdf","https://myplanet.enseval.com/video/new_all/IK-RDC-WHS-054PencetakanUlangReceiverR2.pdf",\N,\N,"idl=221","221","local",\N,\N
"222","pdf","https://myplanet.enseval.com/video/new_all/IK-RDC-WHS-059RepackingProdukR2.pdf",\N,\N,"idl=222","222","local",\N,\N
"224","pdf","https://myplanet.enseval.com/video/new_all/SOP-QHS-MR-003PengendalianDokumen(Internal,Eksternal&Catatan).pdf",\N,\N,"idl=224","224","local",\N,\N
"225","post_test","https://myplanet.enseval.com/post_test_dev/SOP-QHS-MR-003/index.php",\N,\N,"idl=225","225","local",\N,\N
"227","pdf","https://myplanet.enseval.com/video/new_all/SOP-DIR-SLS-009TakingOrderR2.pdf",\N,\N,"idl=227","227","local",\N,\N
"228","pdf","https://myplanet.enseval.com/post_test_dev/SOP-DIR-SLS-009/index.php",\N,\N,"idl=228","228","local",\N,\N
"229","pdf","https://myplanet.enseval.com/video/new_all/SOP-GA-PL-003PerawatanKendaraanOperasionalKantor.pdf",\N,\N,"idl=229","229","local",\N,\N
"300","pdf","https://myplanet.enseval.com/video/new_all/IK-QHS-MR-20ValidasiPengirimanR3.PDF",\N,\N,"idl=300","300","local",\N,\N
"231","pdf","https://myplanet.enseval.com/video/new_all/SOP-GA-PL-005ProsedurSewaMesinFotocopy.pdf",\N,\N,"idl=231","231","local",\N,\N
"232","pdf","https://myplanet.enseval.com/video/new_all/SOP-GA-PL-006ProsedurPetugasKebersihan(CleaningService).pdf",\N,\N,"idl=232","232","local",\N,\N
"233","pdf","https://myplanet.enseval.com/video/new_all/SOP-GA-PL-007ProsedurPengiriman&DokumenRahasiaAtauPenting.pdf",\N,\N,"idl=233","233","local",\N,\N
"234","pdf","https://myplanet.enseval.com/video/new_all/SOP-GA-PL-008MonitoringFungsiCCTV.pdf",\N,\N,"idl=234","234","local",\N,\N
"235","pdf","https://myplanet.enseval.com/video/new_all/SOP-GA-PL-009ProsedurPengembanganKopetensiSatpam.pdf",\N,\N,"idl=235","235","local",\N,\N
"236","pdf","https://myplanet.enseval.com/video/new_all/SOP-GA-PL-010ProsedurPemeriksaanKaryawanDanTamu.pdf",\N,\N,"idl=236","236","local",\N,\N
"237","pdf","https://myplanet.enseval.com/video/new_all/SOP-GA-PL-012PenangananAncamanBOM.pdf",\N,\N,"idl=237","237","local",\N,\N
"238","pdf","https://myplanet.enseval.com/video/new_all/SOP-GA-PL-013ProsedurPenangananLimbahB3DiTPSB3.pdf",\N,\N,"idl=238","238","local",\N,\N
"239","pdf","https://myplanet.enseval.com/video/new_all/SOP-GA-PL-014ProsedurPenangananMedisBagiKaryawanDiLingkunganKerja.pdf",\N,\N,"idl=239","239","local",\N,\N
"240","pdf","https://myplanet.enseval.com/video/new_all/SOP-QHS-MR-019ProsedurAlatPemadamApiRingan(APAR)R6.pdf",\N,\N,"idl=240","240","local",\N,\N
"241","pdf","https://myplanet.enseval.com/video/new_all/IK-RDC-WHS-004PenerimaanBarangR15.pdf",\N,\N,"idl=241","241","local",\N,\N
"242","pdf","https://myplanet.enseval.com/video/new_all/IK-RDC-WHS-010PenyimpananR8.pdf",\N,\N,"idl=242","242","local",\N,\N
"243","pdf","https://myplanet.enseval.com/video/new_all/IK-HRD-TRG-001IkPelaksanaanTrainingR6.pdf",\N,\N,"idl=243","243","local",\N,\N
"246","pdf","https://myplanet.enseval.com/video/new_all/SOP-GA-PL-011ProsedurPenangananDemoDanHuruHara.pdf",\N,\N,"idl=246","246","local",\N,\N
"245","pdf","https://myplanet.enseval.com/video/new_all/IK-OPR-WHS-022PengeluaranBarangMenggunakanDeliveryOrderManualR7.pdf",\N,\N,"idl=245","245","local",\N,\N
"247","pdf","https://myplanet.enseval.com/video/new_all/IK-QHS-WHS-001PenerimaanPengeluaranDanObnamePallet.pdf",\N,\N,"idl=247","247","local",\N,\N
"248","pdf","https://myplanet.enseval.com/video/new_all/IK-RDC-WHS-048PelaksanaanStockOpnameR2.pdf",\N,\N,"idl=248","248","local",\N,\N
"249","pdf","https://myplanet.enseval.com/video/new_all/SOP-OPR-WHS-006KlaimKeEkspediturR6.pdf",\N,\N,"idl=249","249","local",\N,\N
"250","post_test","https://myplanet.enseval.com/post_test_dev/leadership/index.php",\N,\N,"idl=250","250","local",\N,\N
"251","video","https://myplanet.enseval.com/video/new_all/BepSeriesEps3-Rev4-1.mp4",\N,\N,"idl=251","251","local",\N,\N
"252","post_test","https://myplanet.enseval.com/post_test_dev/posttestbep3/index.php",\N,\N,"idl=252","252","local",\N,\N
"253","pdf","https://myplanet.enseval.com/video/new_all/SOP-OPR-APJ-001MonitoringkalibrasiThermometerR3.pdf",\N,\N,"idl=253","253","local",\N,\N
"254","pdf","https://myplanet.enseval.com/video/new_all/IK-OPR-WHS-044PetunjukPengoperasianDanPemeliharaanContainerChillerR3.pdf",\N,\N,"idl=254","254","local",\N,\N
"255","pdf","https://myplanet.enseval.com/video/new_all/SOP-QHS-MR-006ManajemenTindakanKoreksiDanPencegahanR10.pdf",\N,\N,"idl=255","255","local",\N,\N
"256","pdf","https://myplanet.enseval.com/video/new_all/SOP-QHS-MR-057PengoperasianDanPerawatanShowcaseAtauContainerChillerR1.pdf",\N,\N,"idl=256","256","local",\N,\N
"257","pdf","https://myplanet.enseval.com/video/new_all/IK-QHS-MR-049ProgramPelatihanKaryawanR4.pdf",\N,\N,"idl=257","257","local",\N,\N
"258","post_test","https://myplanet.enseval.com/post_test_dev/IK-QHS-MR-049ProgramPelatihanKaryawan/index.php",\N,\N,"idl=258","258","local",\N,\N
"259","pdf","https://myplanet.enseval.com/video/new_all/IK-RDC-GA-044ProsesPermintaanPerbaikanMelaluiSPKOnline.pdf",\N,\N,"idl=259","259","local",\N,\N
"260","video","https://myplanet.enseval.com/video/new_all/Awareness_IT_security_Final.mp4",\N,\N,"idl=260","260","local",\N,\N
"261","post_test","https://myplanet.enseval.com/post_test_dev/general_itsec_awareness/index.php",\N,\N,"idl=261","261","local",\N,\N
"262","video","https://myplanet.enseval.com/video/new_all/RevK3TrainingApar2-1.mp4",\N,\N,"idl=262","262","local",\N,\N
"263","post_test","https://myplanet.enseval.com/post_test_dev/K3_APAR/index.php",\N,\N,"idl=263","263","local",\N,\N
"264","video","https://myplanet.enseval.com/video/new_all/K3_Revisi_Font(1).mp4",\N,\N,"idl=264","264","local",\N,\N
"265","post_test","https://myplanet.enseval.com/post_test_dev/safetysecurityk3/index.php",\N,\N,"idl=265","265","local",\N,\N
"266","pdf","https://myplanet.enseval.com/video/new_all/IK-QHS-MR-022PemeriksaanKesehatanKaryawanR3.pdf",\N,\N,"idl=266","266","local",\N,\N
"267","pdf","https://myplanet.enseval.com/video/new_all/IK-QHS-MR-027TataCaraAksesMasukKeluarGudangColdroomContainerChillerR2.pdf",\N,\N,"idl=267","267","local",\N,\N
"268","pdf","https://myplanet.enseval.com/video/new_all/IK-QHS-MR-028PembersihanGudangDAnSaranaPenunjangDigudangR3.pdf",\N,\N,"idl=268","268","local",\N,\N
"269","pdf","https://myplanet.enseval.com/video/new_all/IK-QHS-MR-055KalibrasiAlatUkur.pdf",\N,\N,"idl=269","269","local",\N,\N
"270","pdf","https://myplanet.enseval.com/video/new_all/IK-RDC-GA-010PengoperasianRollingDoorR2.pdf",\N,\N,"idl=270","270","local",\N,\N
"271","pdf","https://myplanet.enseval.com/video/new_all/IK-RDC-GA-012PengoperasianDanPerawatanDockLevellerR1.pdf",\N,\N,"idl=271","271","local",\N,\N
"272","pdf","https://myplanet.enseval.com/video/new_all/IK-RDC-TRP-029PengirimanBarangR10.pdf",\N,\N,"idl=272","272","local",\N,\N
"273","pdf","https://myplanet.enseval.com/video/new_all/IK-RDC-WHS-004PenerimaanBarangR16.pdf",\N,\N,"idl=273","273","local",\N,\N
"274","pdf","https://myplanet.enseval.com/video/new_all/IK-RDC-WHS-010PenyimpananR9.pdf",\N,\N,"idl=274","274","local",\N,\N
"275","pdf","https://myplanet.enseval.com/video/new_all/IK-RDC-WHS-027Relabelling-StickeringProdukR1.pdf",\N,\N,"idl=275","275","local",\N,\N
"276","pdf","https://myplanet.enseval.com/video/new_all/SOP-RDC-QS-001PengelolaanLimbahB3&NonB3R5.pdf",\N,\N,"idl=276","276","local",\N,\N
"277","pdf","https://myplanet.enseval.com/video/new_all/SOP-QHS-MR-002ManajemenAuditR15.pdf",\N,\N,"idl=277","277","local",\N,\N
"278","pdf","https://myplanet.enseval.com/video/new_all/SOP-QHS-MR-018ProsedurAlatPelindungDiriR9.pdf",\N,\N,"idl=278","278","local",\N,\N
"279","pdf","https://myplanet.enseval.com/video/new_all/SOP-QHS-MR-030ProsedurPenangananTumpahanProdukGolonganSitostatikaR5.pdf",\N,\N,"idl=279","279","local",\N,\N
"280","pdf","https://myplanet.enseval.com/video/new_all/SOP-QHS-MR-035ProsedurPersonalHygieneDanSanitasiR5.pdf",\N,\N,"idl=280","280","local",\N,\N
"281","pdf","https://myplanet.enseval.com/video/new_all/SOP-QHS-MR-036ProsedurPestControlR7.pdf",\N,\N,"idl=281","281","local",\N,\N
"282","pdf","https://myplanet.enseval.com/video/new_all/SOP-QHS-MR-045PemantauanSuhuPenyimpananR6.pdf",\N,\N,"idl=282","282","local",\N,\N
"283","pdf","https://myplanet.enseval.com/video/new_all/SOP-QHS-MR-050PenangananProdukPsikotropikaR5.pdf",\N,\N,"idl=283","283","local",\N,\N
"284","pdf","https://myplanet.enseval.com/video/new_all/SOP-QHS-MR-060KalibrasiAlatUkurR4.pdf",\N,\N,"idl=284","284","local",\N,\N
"285","post_test","https://myplanet.enseval.com/post_test_dev/SOP-QHS-MR-035/index.php",\N,\N,"idl=285","285","local",\N,\N
"286","post_test","https://myplanet.enseval.com/post_test_dev/SOP-QHS-MR-002/index.php",\N,\N,"idl=286","286","local",\N,\N
"287","post_test","https://myplanet.enseval.com/post_test_dev/IK-QHS-MR-055/index.php",\N,\N,"idl=287","287","local",\N,\N
"288","post_test","https://myplanet.enseval.com/post_test_dev/SOP-QHS-MR-050/index.php",\N,\N,"idl=288","288","local",\N,\N
"289","post_test","https://myplanet.enseval.com/post_test_dev/IK-QHS-MR-028/index.php",\N,\N,"idl=289","289","local",\N,\N
"290","post_test","https://myplanet.enseval.com/post_test_dev/SOP-QHS-MR-045/index.php",\N,\N,"idl=290","290","local",\N,\N
"292","post_test","https://myplanet.enseval.com/post_test_dev/IK-QHS-MR-001/index.php",\N,\N,"idl=292","292","local",\N,\N
"293","pdf","https://myplanet.enseval.com/video/new_all/IK-QHS-MR-001TataCaraPembuatan,PerubahanDanPengesahanDokumentSOPIK&FormR18.pdf",\N,\N,"idl=293","293","local",\N,\N
"294","pdf","https://myplanet.enseval.com/video/new_all/IK-OPR-TRP-011PengirimanProdukRantaiDingainprodukObatDanAlatKesehatanR10.PDF",\N,\N,"idl=294","294","local",\N,\N
"295","pdf","https://myplanet.enseval.com/video/new_all/IK-QHS-MR-041TataCaraPenangananDokumenRegulatoryR1.pdf",\N,\N,"idl=295","295","local",\N,\N
"296","pdf","https://myplanet.enseval.com/video/new_all/IK-RDC-TRP-023KeamananBarangSelamaDalamPengirimanR4.PDF",\N,\N,"idl=296","296","local",\N,\N
"297","post_test","https://myplanet.enseval.com/post_test_dev/IK-QHS-MR-041/index.php",\N,\N,"idl=297","297","local",\N,\N
"298","post_test","https://myplanet.enseval.com/post_test_dev/IK-OPR-TRP-011/index.php",\N,\N,"idl=298","298","local",\N,\N
"299","pdf","https://myplanet.enseval.com/video/new_all/SOP-GA-PL-004ProsedurPemeliharaan&PerbaikanGudangR1.PDF",\N,\N,"idl=299","299","local",\N,\N
"301","pdf","https://myplanet.enseval.com/video/new_all/SOP-HRD-CD-001SOPPromosiMutasi&DemosiKaryawan.PDF",\N,\N,"idl=301","301","local",\N,\N
"302","pdf","https://myplanet.enseval.com/video/new_all/SOP-OPR-WHS-003ProsedurPengirimanReturDariPelangganR20.PDF",\N,\N,"idl=302","302","local",\N,\N
"303","pdf","https://myplanet.enseval.com/video/new_all/SOP-CHB-SM2-002SpreadingR6.PDF",\N,\N,"idl=303","303","local",\N,\N
"304","pdf","https://myplanet.enseval.com/video/new_all/SOP-CHB-SM2-005TradePromoDevelopmentR5.PDF",\N,\N,"idl=304","304","local",\N,\N
"305","pdf","https://myplanet.enseval.com/video/new_all/SOP-CHB-SM2-007PesananTambahanR6.PDF",\N,\N,"idl=305","305","local",\N,\N
"306","pdf","https://myplanet.enseval.com/video/new_all/SOP-QHS-MR-059ManajemenResikoMutuR2.PDF",\N,\N,"idl=306","306","local",\N,\N
"307","pdf","https://myplanet.enseval.com/video/new_all/IK-OPR-APJ-014TataLaksanaSPTT.PDF",\N,\N,"idl=307","307","local",\N,\N
"308","pdf","https://myplanet.enseval.com/video/new_all/SOP-QHS-MR-062GovernmentRelationR2.PDF",\N,\N,"idl=308","308","local",\N,\N
"309","pdf","https://myplanet.enseval.com/video/new_all/SOP-QHS-MR-076ProsedurPerjanjianKualitas(QualityAgreement)R1.PDF",\N,\N,"idl=309","309","local",\N,\N
"310","pdf","https://myplanet.enseval.com/video/new_all/SOP-QHS-MR-014ProsedurPemantauanDanPengukuranLingkunganKerjaR4.PDF",\N,\N,"idl=310","310","local",\N,\N
"311","pdf","https://myplanet.enseval.com/video/new_all/SOP-QHS-MR-010ProsedurSeleksiKualifikasi&EvaluasiPihakKetiga(VendorOutsource)R10.PDF",\N,\N,"idl=311","311","local",\N,\N
"312","pdf","https://myplanet.enseval.com/video/new_all/SOP-QHS-MR-068ChallengeTestR1.PDF",\N,\N,"idl=312","312","local",\N,\N
"313","pdf","https://myplanet.enseval.com/video/new_all/SOP-QHS-MR-058PenangananProdukOMPFDanOOTR1.PDF",\N,\N,"idl=313","313","local",\N,\N
"314","post_test","https://myplanet.enseval.com/post_test_dev/SOP-QHS-MR-059/index.php",\N,\N,"idl=314","314","local",\N,\N
"315","post_test","https://myplanet.enseval.com/post_test_dev/SOP-QHS-MR-058/index.php",\N,\N,"idl=315","315","local",\N,\N
"316","pdf","https://myplanet.enseval.com/video/new_all/SOP-QHS-MR-001SOPProsedurSasaranMutuR7.PDF",\N,\N,"idl=316","316","local",\N,\N
"317","pdf","https://myplanet.enseval.com/video/new_all/IK-RDC-PPS-001PembuatanRencanaPengiriman(Monthly)R4.PDF",\N,\N,"idl=317","317","local",\N,\N
"318","pdf","https://myplanet.enseval.com/video/new_all/SOP-QHS-MR-063SOPLabelingAtauRelabelingKhususAlkesR2.PDF",\N,\N,"idl=318","318","local",\N,\N
"319","pdf","https://myplanet.enseval.com/video/new_all/SOP-QHS-MR-009PenangananKeluhanPelangganR2.PDF",\N,\N,"idl=319","319","local",\N,\N
"320","video","https://myplanet.enseval.com/video/new_all/bep4.mp4",\N,\N,"idl=320","320","local",\N,\N
"321","post_test","https://myplanet.enseval.com/post_test_dev/bep4/index.php",\N,\N,"idl=321","321","local",\N,\N
"324","pdf","https://myplanet.enseval.com/video/new_all/SOP-PST-IA-010RiskAssesmentStrategicRiskR1.PDF",\N,\N,"idl=324","324","local",\N,\N
"325","pdf","https://myplanet.enseval.com/video/new_all/IK-PST-IA-010RiskAppetiteDanRiskToleranceR1.PDF",\N,\N,"idl=325","325","local",\N,\N
"326","pdf","https://myplanet.enseval.com/video/new_all/IK-PST-IA-013FokusRiskR1.PDF",\N,\N,"idl=326","326","local",\N,\N
"327","pdf","https://myplanet.enseval.com/video/new_all/IK-SM-CHB-001CoveragePlanningR4.PDF",\N,\N,"idl=327","327","local",\N,\N
"328","pdf","https://myplanet.enseval.com/video/new_all/IK-SM-CHB-002EvaluasiCoverageR4.PDF",\N,\N,"idl=328","328","local",\N,\N
"329","pdf","https://myplanet.enseval.com/video/new_all/IK-SM-CHB-010ARCollektionR4.PDF",\N,\N,"idl=329","329","local",\N,\N
"330","pdf","https://myplanet.enseval.com/video/new_all/IK-SM-CHB-012ProdukPortfolioManagementR4.PDF",\N,\N,"idl=330","330","local",\N,\N
